feature,importance
hour,0.8171118
velocity_24h,0.16174714
amount,0.010751954
amount_deviation,0.0056912694
amount_log,0.0039033482
is_weekend,0.000794407
